ccn,state,hospital,url,csv_bytes,downloaded_bytes,sha256
110082,GA,EMORY SAINT JOSEPH'S HOSPITAL,https://www.emoryhealthcare.org/-/media/Project/EH/Emory/ui/pricing-transparency/csv/2025/580566257_emory-saint-josephs-hospital-of-atlanta-inc_standardcharges.csv,6725778,6725778,ffb22e250046a0a638317bbcef4e06a15e5c917dcdd7dd086373f8ecd8fc2369
154005,IN,RIVER BEND HOSPITAL,https://www.nchsi.com/storage/app/media/Price%20Transparency/311118357_river-bend-hospital_standardcharges.csv,58605,58605,069e3dfb0274c4fa9b963fbb219d229c045eea658fb1f3688e8cfd82e00b988c
371313,OK,MERCY HOSPITAL KINGFISHER,https://www.mercy.net/content/dam/mercy/en/web-assets/charge-files/463433074_mercy-hospital-kingfisher_standardcharges.zip,72031452,3178519,3710c3efb6f057ffa8b2695ed1c3552956681a9bdc1138a0cc9987d956852d73
342015,NC,CAROLINAS CONTINUECARE HOSPITAL AT PINEVILLE,https://secure.claraprice.net/price-transparency/ALTF-1730315629247/machine-readable/753054855_carolinas-continuecare-hospital-at-pineville_standardcharges.json,3534740,3534740,fbad7ee2b7059109cd4a65153636e1afaef0dd370309add26e11d430e204a405
180104,KY,CONTINUECARE HOSPITAL AT BAPTIST HEALTH PADUCAH,https://secure.claraprice.net/price-transparency/CRPL-1730316554654/machine-readable/465032999_continuecare-hospital-at-baptist-health-paducah_standardcharges.json,301821,301821,168edad7a8df28f10b9e2c9e26e9a8dd7bcd8c9af52e1838831843debf20c582
511310,WV,SUMMERS COUNTY ARH HOSPITAL,https://www.arh.org/wp-content/uploads/2025/05/520795508_Summers-County-ARH-Hospital.standardcharges.csv,18379612,18379612,059a6c0d4555f317f5f947a9b7d9ab27f3ea0c349367bb3f465ede47eba6f19f
054149,CA,TELECARE WILLOW ROCK CENTER,https://www.telecarecorp.com/s/941735271_telecare-willow-rock-center_standardcharges.csv,2721,2721,4a53b0b42d887f36041ebc421cf77c0501ee0d7d1aab4850cd0aa5ba3138cde0
214003,MD,BROOK LANE HEALTH,https://www.brooklane.org/wp-content/uploads/2025/08/52-0698850_BrookLaneHealthServices_standardcharges.csv,10340,10340,2f93a9f6821e74a0ef72b58a8d1d58d810db7d9e655a428735c001e47f9bfcb8
340126,NC,WILSON MEDICAL CENTER,https://www.wilsonmedical.com/docs/ahwilsonmedicalcenterlibraries/hcl/mrf2q25/464317222_wilson-medical-center_standardcharges.csv,3914183,3914183,2fbce1e36b63fc5f7dcce661a7be836a06f8cffb54c8af19fcd6ecb67ce1de8d
140158,IL,INSIGHT HOSPITAL & MEDICAL CENTER CHICAGO,https://estimator.myinsightcare.com/static/mrf/862358048_insight-hospital-and-medical-center-chicago_standardcharges.csv,146546,146546,fbae7d8c8519f51831804b8921bd72ca68becad75253f40549e6836b42f442c7
451348,TX,HEART OF TEXAS MEMORIAL HOSPITAL,https://heartoftexashealthcare.slicedhealth.io/pricer/320326595_HeartofTexas_standardcharges.CSV,1752026,1752026,4f7db7086c70c0d427c69b5a7198a20bad1f3f08b7a2e6548a71dc331e4acf45
272001,MT,ADVANCED CARE HOSPITAL OF MONTANA,https://achm.ernesthealth.com/wp-content/uploads/sites/32/2024/12/205292745_Advanced-Care-Hospital-of-Montana_Standard-Charges.csv,4192827,4192827,4960d1410b6be5caac05644a4758369cb8f0f1509ed618ba550da41f40250347
144040,IL,CHICAGO BEHAVIORAL HOSPITAL,https://s3.amazonaws.com/ycubaa-production-marlin-1-charge-management-public/facilities/a353d236-6885-4047-a833-ae336b01c48a/46-5717505_ChicagoBehavioralHospital_StandardCharges.csv,30078,30078,b3a973b2e3dfd9f1762f1c12f9129bc9f3ac2f8cd3f89a03042265071a06e0db
281318,NE,MORRILL COUNTY COMMUNITY HOSPITAL,https://secure.claraprice.net/price-transparency/JBRE-1747325086649/machine-readable/470547317_morrill-county-community-hospital_standardcharges.json,2745798,2745798,23ba5ad2c5401e7e6eae50b59faa61a1f83bea2db4f8bbe2647f8c7c8ab7395f
440007,TN,UNITY MEDICAL CENTER,https://www.unitymedicalmanchester.com/_files/ugd/bf258b_ee1e41238f9b4020b4a649e8d4c75f63.csv?dn=460485169_coffee-medical-group_standardcharges.csv,20231431,20231431,245fd48a1e2678728d809f501887f4e9ad4a946bca84fd6eda4b252067cb56f3
390139,PA,BRYN MAWR HOSPITAL,https://www.mainlinehealth.org/-/media/files/pdf/basic-content/patient-services/patient-billing/price-transparency/2025/231352160_the-bryn-mawr-hospital_standardcharges.csv,6214277,6214277,ea254ca4d1c95c826bde125bc736d92969a2ebe2ad21d58540759f50b66c8335
054111,CA,CANYON RIDGE HOSPITAL,https://uhsfilecdn.eskycity.net/bh/202935031_canyon-ridge_standardcharges.csv,129012,129012,ed5055b00e061418bea7cccb3714efd772a5915dacc042bae4cdde42e07bdf13
451355,TX,COLLINGSWORTH GENERAL HOSPITAL,https://collingsworthgeneral.net/wp-content/uploads/2025/06/20-0929321_Collingsworth-General-Hospital_standardcharges.csv,1048943,1048943,1ccbb28d335181aebbe4fabd2e8e531b579e2dc295c3c6d4a2e74497c7920fba
450092,TX,FORT DUNCAN REGIONAL MEDICAL CENTER,https://uhsfilecdn.eskycity.net/ac/233044530_fort-duncan-regional-medical-center_standardcharges.csv,37005362,37005362,39b0270c6d1e1fd628440197f5b911309d4d809465de8d5f0c7b10e7e66222c6
121307,HI,HALE HO'OLA HAMAKUA,https://www.halehoolahamakua.org/wp-content/uploads/sites/9/2024/07/99-0262226_Hale-Ho'ala%20Hamakua_standardcharges.csv,2531239,2531239,48010f8e7adf8f29f4819b6336e7a218f79445a9d2610e3c8e3d98cf41c9a8d5
140077,IL,TOUCHETTE REGIONAL HOSPITAL,https://www.sihf.org/media-library/documents/371305510_touchette-regional-hospital_standardcharges%20(1).csv,2568047,2568047,528ad5d96dd6966daff254d355d0e2e86bc5a4b6a0a5ec2ae48742b9adc2bed8
271343,MT,PROVIDENCE ST JOSEPH MEDICAL CENTER,https://pricetransparency.providence.org/wamt/live/810463482_providence-st-joseph-medical-center_standardcharges.json,10689259,10689259,bf8c2b4fee3de4b47effe4bb71395ed0300d3806b470f7d9402df6d41c8dc21f
171307,KS,RAWLINS COUNTY HEALTH CENTER,https://rchc.slicedhealth.io/pricer/48-0545181_RawlinsCountyHealthCenter_StandardCharges.csv,1627897,1627897,de2bf018f0ca16ad952f0252c9207865a961e65af4e1a36462e508c2427b815f
251307,MS,NOXUBEE GENERAL HOSPITAL,https://a27d8bef-da4e-4fa0-9e3b-83c28b7fb454.usrfiles.com/ugd/a27d8b_9d82b0e8a9ae4bb59d292b04e35ec2f1.csv,3595129,3595129,fd79d06433b0f10a1150134e904b49ca38a7a98ae6fec84b27b754ceb8a847de
501337,WA,LOURDES MEDICAL CENTER,https://www.yourlourdes.com/docs/ahlourdeshealthlibraries/hcl/mrf3q25/364850536_lourdes-health_standardcharges.csv,1142173,1142173,eeda4b48447b3658c8ebe4d8696908ec6dc8b750b2e2d4895b19ad23cd6551e7
130063,ID,TREASURE VALLEY HOSPITAL,https://cdn.sanity.io/files/rlbzokv7/production/063a7fda12ee958c90577c83cec3c34abe54407c.csv,13374087,13374087,4c40d2f91a04066d6a83d41023dc40a3e10c5041e4e53bdacc903bad7be8bae3
521304,WI,GUNDERSEN ST JOSEPHS HOSPITAL,https://bellin-ghs.pt.panaceainc.com/MRFDownload/bellin-ghs/gundersen-st-josephs,86120426,2952441,87810e94f79b188efaaf6fc3ab1bdd1323337d278ce76ae6dd5e84a139334186
010008,AL,CRENSHAW COMMUNITY HOSPITAL,https://crenshawcommunityhospital.com/wp-content/uploads/2025/10/000817582_crenshaw-community-hospital_standardcharges-2.csv,4176920,4176920,74191035a7db6f4ae65ede98d3fb09801c45da8fa7069dd63f1ac0dcf331651d
520087,WI,GUNDERSEN LUTHERAN MEDICAL CENTER,https://bellin-ghs.pt.panaceainc.com/MRFDownload/bellin-ghs/gundersen-lutheran,195039552,5675668,65364d13e7d95b868bc11a34f01cda77ef71ab3dca5d2e8f0db629541881291b
450874,TX,BAYLOR SURGICAL HOSPITAL AT LAS COLINAS,https://mrfs.hyvehealthcare.com/USPI/542086863_BaylorSurgicalHospitalatLasColinas_standardcharges.json,37949754,37949754,c760bb15167e927835ed98eb2fad811cdf27178d1447f1742a370fa8a38f55db
441316,TN,WEST TENNESSEE HEALTHCARE CAMDEN GENERAL HOSPITAL,https://www.wth.org/wp-content/uploads/standard-charges/58-1884314_CH_Standard_Charges.csv,18566701,18566701,6a9c5e9d358c79f90816e4fdf541460c2a05254e59a546bd2b301ec141f4f612
670124,TX,THE HOSPITALS OF PROVIDENCE HORIZON CITY CAMPUS,https://www.thopemergency.com/wp-content/uploads/forms/price/81-3935393_HCN-EP-Horizon-City-LLC_standardcharges.csv,24524575,24524575,fade0e72a85e5ceb867f212b8abee75776b01b350b0a772d12f73db2ffaa00ff
252013,MS,ALLEGIANCE SPECIALTY HOSPITAL OF GREENVILLE,https://greenvilleash.com/30-0347987_ALLEGIANCE-SPECIALTY-HOSPITAL-OF-GREENVILLE_standardcharges.csv,5446,5446,21779b6e2d33dac6a8e9c8ee6721f88a34333c18e051b1c61a494d0be76eff33
394050,PA,ROXBURY HOSPITAL,https://uhsfilecdn.eskycity.net/bh/203782249_roxbury_standardcharges.csv,55790,55790,dfe217e81efea50f7cfece136412e447d6cbef6ec8d90034273e19041477797e
420055,SC,MUSC HEALTH MARION MEDICAL CENTER,https://muschealth.org/-/sm/health/patients-visitors/billing/f/571098556_musc-health-marion-medical-center_standardcharges.csv,10491999,10491999,6ede314db4d97ef37a26a752dc95823f96019f87fd30ef5f62e0dcac4e1378e9
494032,VA,THE PAVILION AT WILLIAMSBURG PLACE,https://pavilionwp.com/wp-content/uploads/2025/04/54-1416559_The-Pavilion_standardcharges.csv,6218,6218,3a547990406e5c3a4d6802b51a99dbae46170860bbf823857a5061e88a1e203d
391304,PA,BUCKTAIL MEDICAL CENTER,https://bucktailmedicalcenter.org/wp-content/uploads/2025/04/240701920_bucktail-medical-center_standardcharges.csv,9202339,9202339,5eeaacf7bdc9da40698ae157e8cdc1c393be1473787e6050e5ff5cc78bc2b1f7
054154,CA,SAN JOSE BEHAVIORAL HEALTH,https://www.sanjosebh.com/wp-content/uploads/pricing/2025/360/36-4801100_SJBH-LLC_standardcharges.csv,86809,86809,7fa1de72990f306be47d5875e54a76eee2e6c908f44ba64f3e2ab17ef7d90937
450400,TX,PARKVIEW REGIONAL HOSPITAL,https://hospitalpricedisclosure.com/download.aspx?pi=Sr85DkJmpPQdPNFr96h9tw*-*,5124619,5124619,633e68f6e11d8cd9314b7c4fc09bb76f6f3f18e29da3589e0eaa489f95bdd591
201314,ME,REDINGTON-FAIRVIEW GENERAL HOSPITAL,https://s3.us-east-1.amazonaws.com/webassets.rfgh.net/documents/Standard+charge+file+-+Jan+1+2025+-+no+formulas+Updated+CSV+(3).csv,4842164,4842164,faea420e07723d5482e7fb9123fb574c1310546371c2488fc34d4fe750700cc1
184012,KY,LINCOLN TRAIL BEHAVIORAL HEALTH SYSTEM,https://uhsfilecdn.eskycity.net/bh/621244469_lincoln-trail_standardcharges.csv,19224,19224,6e8cf4232e81b4c705e08915b7e2221a4c2bbc128bdd872d8dca8c9b1f758b17
380050,OR,SKY LAKES MEDICAL CENTER,https://www.skylakes.org/wp-content/uploads/2025/01/930508781-Sky-Lakes-Medical-Center-Standard-Charges-2025.zip,323905809,36490956,fc0a7cb497aa61b1e2e9f899ca1639b1c0b9de4c26917fb4de41bbc2e6ab2459
390145,PA,WESTMORELAND HOSPITAL,https://www.independence.health/documents/content/250965612_WestmorelandRegionalHospital_StandardCharges.csv,17904153,17904153,80ce3557300662377aeb22dec1fdb769405ad7461b30005c389b5fd8a1b914a5
291309,NV,BOULDER CITY HOSPITAL,https://bchcares.org/wp-content/uploads/2025/10/880065829_MRF-%E2%80%93-Boulder-City-Hospital-Standard-Charges.csv,9255694,9255694,28d4d7d481188787c89598972d8a47e1cd1163db1b0fad0aecb85fe0927b4260
490004,VA,SENTARA RMH MEDICAL CENTER,https://www.sentara.com/Documents/s/sentararmhmedicalcenterstandardchargesxlsx-1395259,25457960,25457960,82f9b16c026e7af2309a71ebf12bf2c0d8e86f1acdc8b8d79c60ce33d5955e8f
050580,CA,LA PALMA INTERCOMMUNITY HOSPITAL,https://lapalmaintercommunityhospital.com/wp-content/uploads/2024/12/205253134_LaPalmaIntercommunityHospital_standardcharges.json,41908471,41908471,a6936b741750fd8f57c0d653e3ebf06cdc14e184a1414c9190b1cfc4fefa883b
504015,WA,SOUTH SOUND BEHAVIORAL HOSPITAL,https://s3.amazonaws.com/ycubaa-production-marlin-1-charge-management-public/facilities/d58e7d02-3e41-4e57-85a4-90310204367e/82-3035007_SouthSoundBehavioral_StandardCharges.csv,18411,18411,ddacbf6e1a0f1be6303f354f31ee743242d2c047712a8a14ec14d85c00731704
450352,TX,HUNT REGIONAL MEDICAL CENTER GREENVILLE,https://www.huntregional.org/wp-content/uploads/2025/10/751277293_Hunt_Memorial_Hospital_District_standardcharges.csv,17496611,17496611,1a7cf79665c834423c65a792cc7d8500605b001c52097288c030c08051de9b35
210029,MD,JOHNS HOPKINS BAYVIEW MEDICAL CENTER,https://jhm-web-assets.s3.amazonaws.com/hopkinsmedicine/prod/charge-fees/521341890_JohnsHopkinsBayview_standardcharges.csv,4640181,4640181,f5db3c1f7736178591eff13245cc169a19124cebfe8972516455eda1905006a0
394008,PA,FRIENDS HOSPITAL,https://uhsfilecdn.eskycity.net/bh/202523648_friends_standardcharges.csv,60377,60377,0d36a6c633c08b7d43a90556ab27a367f9a9b58a70aed4d531d9bb986c9cf109
101305,FL,GEORGE E WEEMS MEMORIAL HOSPITAL,https://www.weemsmemorial.com/wp-content/uploads/2024/11/061766026_george-e-weems-memorial-hospital_standardcharges.csv,4381449,4381449,42e1939db30d7d7628837313794efb63c37c2d4261a13dc21626b716132bcd15
111331,GA,ARCHBOLD MITCHELL COUNTY HOSPITAL,https://hospitalpricedisclosure.com/download.aspx?pi=6A9Tvh1Xp4FdNkBVhNfrkA*-*,6957509,6957509,72003dcd0cafaf9a9465d28c6b9d7d77474fa9c647a4ce9d549606d18a3e9b01
061313,CO,KIT CARSON COUNTY MEMORIAL HOSPITAL,https://www.kcchsd.org/wp-content/uploads/2025/02/841435504_kitcarson_county_memorial_hospital_standardcharges.csv,12752200,12752200,110c29d8b63ef82f1e81c09589353b9c762a0ea001055eeea383375fd15e8634
314021,NJ,HAMPTON BEHAVIORAL HEALTH CENTER,https://uhsfilecdn.eskycity.net/bh/232985430_hampton_standardcharges.csv,76997,76997,a7b6396d6c0aca8a6cae179fcd1127cb20d59ce98bb25c34e9a764393033febc
171370,KS,GOODLAND REGIONAL MEDICAL CENTER,https://goodlandregional.slicedhealth.io/pricer/48-0725111_GoodlandRegionalMedicalCenter_StandardCharges.csv,3819080,3819080,3dab3446ac3cabf0effaefd5880090960cf2ab7f8ad3f23dcaa7c178f391f7eb
030007,AZ,VERDE VALLEY MEDICAL CENTER,https://www.nahealth.com/wp-content/uploads/2025/02/860100882_VERDEVALLEYMEDICALCENTER_standardcharges.zip,1082865299,27551955,ce096e348722918561eda6bbe2a859d85e29166d9310ebef426812d41a046e6b
371306,OK,MERCY HEALTH LOVE COUNTY,https://www.mercy.net/content/dam/mercy/en/web-assets/charge-files/237037718_mercy-health-love-county_standardcharges.zip,175029216,7759597,6f1fb3b11d23115fc2c33ccc8c0ae2f5bd9c4954242e145340224aacfd34f02e
451312,TX,RICE MEDICAL CENTER,https://ricemedicalcenter.slicedhealth.io/pricer/00-0000000_RiceMedicalCenter_standardcharges.CSV,8792035,8792035,0b5ed00c73f98036dee8764687432dae561c1ca976e6c947ab0f9a160730ae7d
084003,DE,MEADOW WOOD BEHAVIORAL HEALTH SYSTEM,https://www.meadowwoodhospital.com/wp-content/uploads/pricing/2025/199/45-1343206_PHC_Meadowwood-LLC_standard%20charges.csv,48497,48497,e4366abe9a59d5372021e4b72a785b78e835aff3550cff009e145a2feb393e36
250081,MS,ANDERSON REGIONAL MEDICAL CENTER SOUTH,https://sites.bmhcc.org/-/media/Pricing-Documents/MS/640362400_baptist-anderson-regional-medical-center--south_standardcharges.zip,146707115,17531740,9f555876c124041711af7b4594c3d649a6269e9a64845c16e6752308f57274fe
281314,NE,ANNIE JEFFREY MEMORIAL COUNTY HEALTH CENTER,http://www.ajhc.org/476000710_annie-jeffrey-memorial-county-health-center_standardcharges.csv,7512781,7512781,ca23e86958d295557fb00376d9a2286f5a7da75defa7fa2bea817c0d2bfe47d7
140034,IL,SSM HEALTH ST. MARY'S HOSPITAL - CENTRALIA,https://hospitalpricedisclosure.com/download.aspx?pi=u5PGTTi*_*V1G7japKfMq*_*Gg*-*&f=p22CpYLrWLxCnt4HoK7iZA*-*,13228905,13228905,96ff9525521e4b37caa2173e618ab0608fbc9a1ed04e0e05f65d566fb43698a1
390217,PA,FRICK HOSPITAL,https://www.independence.health/documents/content/250965375_FrickHospital_StandardCharges.csv,9764315,9764315,dae30864c3752cf8c99520cc7a251a611148ec706cccb7e20f89825301c8d916
110124,GA,WAYNE MEMORIAL HOSPITAL,"https://clicktime.cloud.postoffice.net/clicktime.php?U=https%3A%2F%2Fwmhweb.slicedhealth.io%2Fpricer%2F58-6011876_WayneMemorialHospital_StandardCharges.csv&E=jharris%40wmhweb.com&X=XID363CDDRzf8843Xd3&T=WAMH&HV=U,E,X,T&H=c7eb926e96432dbfe7c964ab278b482f93546a3a",35071257,35071257,e5418f753a0882ee02edc1b3067eb9bbb6d690815b3a3656f773d88fa8cac041
040014,AR,UNITY HEALTH WHITE COUNTY MEDICAL CENTER,https://res.cloudinary.com/dpmykpsih/raw/upload/unity-health-2024-site-471/media/r/61287d21d91746a88db1f48bf287afc5/71-0772737_unity-health-white-county-medical-center_standardcharges.csv,3025014,3025014,1f2af581a7892ec24e13bcb52ce099d0c80050d82d29ad2340a68d78d11e8604
420048,SC,MUSC HEALTH KERSHAW MEDICAL CENTER,https://muschealth.org/-/sm/health/patients-visitors/billing/f/571098556_musc-health-kershaw-medical-center_standardcharges.csv,11338952,11338952,1a7b185982617b9ee7035589975d31e3fd9bda92a61684fbd42888a1dbd69991
390222,PA,RIDDLE HOSPITAL,https://www.mainlinehealth.org/-/media/files/pdf/basic-content/patient-services/patient-billing/price-transparency/2025/23-1529076_riddle-memorial-hospital_standardcharges.csv,5848613,5848613,e5e1285fa5da73eddd8e3ebe0e662fcd07456d513f0ccd1c0b801266455c94e6
340109,NC,SENTARA ALBEMARLE MEDICAL CENTER,https://www.sentara.com/Documents/s/sentaraalbemarlemedicalcenterstandardchargesxlsx-1395240,12505873,12505873,84cffb06a256575290c85535c594ece81dc3ca7a4c7c71571de1efb7df8f4430
041305,AR,MERCY HOSPITAL WALDRON,https://www.mercy.net/content/dam/mercy/en/web-assets/charge-files/710557895_mercy-hospital-waldron_standardcharges.zip,275831000,12780355,2bdc1d61af1a31a45661c082a41ebde7cad884d3dfd22cdb621f31f101bc4074
440010,TN,WAYNE MEDICAL CENTER,https://res.cloudinary.com/dpmykpsih/raw/upload/maury-site-494/media/r/33f69402b83e44cbbffa9244fa2a22fa/621605071_wayne-medical-center_standardcharges.csv,34337236,34337236,d4b79875b0d7c2c5a56c2522f5f01ca0c6d39728f4cf2d967748e3bd14c5b8c8
041311,AR,HOWARD MEMORIAL HOSPITAL,https://www.howardmemorial.com/sites/default/files/2025-10/710644637_Howard-Memorial-Hospital_StandardCharges.csv,2618678,2618678,7e58295b95729192d2e3e152d8806c6d57f9dc4ffd69f03ffae55e265d49b895
041322,AR,BAXTER HEALTH FULTON COUNTY HOSPITAL,https://www.fultoncountyhospital.org/plugins/show_image.php?id=62,6243470,6243470,f2e044e605ee036122daf1ed4c49ec1f084507430b65ba435469e8042c7eaf5b
141318,IL,OSF HOLY FAMILY MEDICAL CENTER,https://osf-p-001.sitecorecontenthub.cloud/api/public/content/370813229_1548393184_osf-healthcare-system_standardcharges.json,8460559,8460559,0783fa40203b789c698b017bef28b4148fa885d407bdcbfe241998445fcfa21c
041331,AR,OZARKS COMMUNITY HOSPITAL OF GRAVETTE,https://ochonline.com/wp-content/uploads/2025/02/431592082_Ozarks-Community-Hospital_standardcharges.csv.zip,31914548,556687,0b27203c1288c5eaed213bfdb7cef18b6f97727c49b420b08203a7b315b7cdf1
320038,NM,REHOBOTH MCKINLEY CHRISTIAN HEALTH CARE SERVICES,https://secure.claraprice.net/price-transparency/ANSH-1701370906574/machine-readable/850313268_rehoboth-mckinley-christian-health-care-services_standardcharges.json,6959349,6959349,9d18e840daada7a50a2e0ede7930a6b9a1133aefbce3980fb1664397440e4fb4
253461,MS,DELTA REGIONAL MEDICAL CENTER - WEST CAMPUS,https://www.deltahealthsystem.org/documents/640586958_delta-regional-medical-center_standardcharges.csv,12310604,12310604,de75a1bf9a626f9f27e71cf1eec1ca38ccafb85621ddd98225634a507cd7e2fd
280127,NE,LINCOLN SURGICAL HOSPITAL,https://lincolnsurgery.com/wp-content/uploads/2025/01/47-0807324_Lincoln-Surgical-Hospital_standardcharges-2.csv,1015634,1015634,48d942efd8f9f0c64258d83439395dee23a17abffb2181461e043aaf42ba9e7b
451379,TX,CORYELL MEMORIAL HOSPITAL,https://secure.claraprice.net/price-transparency/FTKZ-1722971887692/machine-readable/74-1857100_coryell-health_standardcharges.json,6343864,6343864,5e7f35402e4ee06aa43c593271ccdae854e4d17a4ba261bd9642f32cdcfeabcf
424002,SC,LIGHTHOUSE BEHAVIORAL HEALTH HOSPITAL,https://uhsfilecdn.eskycity.net/bh/203854241_lighthouse-bh_standardcharges.csv,228930,228930,417bfa4bba88679c58d48e62164f4e84e8f6d8cc83d9b914473b91364f137a06
250104,MS,ANDERSON REGIONAL MEDICAL CENTER,https://sites.bmhcc.org/-/media/Pricing-Documents/MS/640362400_baptist-anderson-regional-medical-center_standardcharges.zip,265676266,30085492,dfb43970aa24f818a0181afeb26210ce3ca4314808ec6f5eff1e6890e8285e9b
231339,MI,COREWELL HEALTH PENNOCK HOSPITAL,https://assets.contentstack.io/v3/assets/blt3055f692fe7bf193/bltcefbb76591f05359/6777fd81f3e7d93b7a866ec2/381360562_pennock-hospital_standardcharges.csv,3125554,3125554,23e3bab6dfbd7b402efce78addb1d72197824f0eb14917f5f0a6769f8b861cc4
301309,NH,MONADNOCK COMMUNITY HOSPITAL,https://hospitalpricedisclosure.com/download.aspx?pi=96OHZrUcIshoMmRv3TQ0Bg*-*,14779638,14779638,f104028dd95f77d8100388b32da5bb2ec4ac48098761b03d6aeff1132688c9dc
520109,WI,MILE BLUFF MEDICAL CENTER,https://www.milebluff.com/documents/standard_charges/390992883_mile-bluff-medical-center_standardcharges.csv,15574973,15574973,4998063f5233e8947b3c0a262b3a071e25cd445359f25c7239d874be6a7b0b02
352005,ND,VIBRA HOSPITAL OF CENTRAL DAKOTAS,https://vhcentraldakotas.com/wp-content/uploads/sites/25/2025/09/462632340_vibra-hospital-of-central-dakota_standardcharges.csv,8238244,8238244,d0c7f71cade2d038d7d12cce647f90df760b543d8e234e8558a67c07a0a7c65e
141343,IL,CRAWFORD MEMORIAL HOSPITAL,https://www.crawfordmh.org/clientuploads/CMS-4205-F/370793762_Crawford-Memorial-Hospital_standardcharges.csv,8503106,8503106,33c31449486517fe53205cfb22e3a7fcb1f034db6b0dd7497c1961a18d80dc57
110042,GA,WELLSTAR PAULDING MEDICAL CENTER,https://www.wellstar.org/-/media/project/wellstar/org/documents/august-2025-price-transparency-standard-charges/58-2095884_wellstar-paulding-hospital_standardcharges.csv,16881406,16881406,45c91d0ca9bcda55cf630b704ed8ca2480df0e42ea1172b3902bd02ce08f0221
300011,NH,ST JOSEPH HOSPITAL,https://stjosephhospital.com/CMS%20Files/020222215_st-joseph-hospital-of-nashua_standardcharges.csv,8889973,8889973,f52caf1394b0ed2e78e376bfcfb2fb944d1fa45fd51305b61958ac95e9a506c3
360144,OH,SOUTH POINTE HOSPITAL,https://clevelandclinic.pt.panaceainc.com/MRFDownload/clevelandclinic/southpointe,541194624,16148677,55b6140836e023cf63fc09ed79d6867545955af0d815ac097327ede47f6af6ff
454107,TX,BEHAVIORAL HOSPITAL OF BELLAIRE,https://uhsfilecdn.eskycity.net/bh/272849780_bellaire_standardcharges.csv,86235,86235,71b47455a97433cc9e6e14bc4bbdc2cfb3d54b44e01135c7d142181f8399ac35
281361,NE,LEXINGTON REGIONAL HEALTH CENTER,https://lexington.pt.panaceainc.com/MRFDownload/lexington/lexington,23427401,926605,3cdc16a1658076d8166b59f39204c3f76e78f950d204ce2ab6c0392873096809
374025,OK,OAKWOOD SPRINGS,https://oakwoodsprings.com/docs/bhoakwoodspringslibraries/dec2025/352517261_oakwood-springs_standardcharges.csv,347687,347687,e0a4cffdb2e8626f042a01f52a00538c0f1636a9c2d52fae516f3fc6f2cfa6ec
141345,IL,SALEM TOWNSHIP HOSPITAL,http://machine-readable-files.com/salem-township-hospital/370925318_salem-township-hospital_standardcharges.csv,890904,890904,8f6a09825bdbb620c0a5e59492cf08aaba8146352126b32203a7f0dfe51bc00a
030107,AZ,ARIZONA SPINE & JOINT HOSPITAL,https://mrfs.hyvehealthcare.com/USPI/364399746_AZSpineandJointHospital_standardcharges.json,1255585,1255585,2a7fd81af7ba724f0c6353c65f34b90c9639d5048ec9fad3d49e8bd85ae63eca
300012,NH,NORTHEAST REHABILITATION HOSPITAL,https://www.northeastrehab.com/020369797_northeastrehabilitationhospital_standardcharges/,3105952,3105952,81c7011d684fa91ee38dca586faf05e2626465b7a5c9c2294d3dbacfee87a116
230021,MI,COREWELL HEALTH ST. JOSEPH HOSPITAL,https://assets.contentstack.io/v3/assets/blt3055f692fe7bf193/blteac5bb244862ae70/6777fcd8ccead1793d3f708f/382156872_lakeland-hospitals-at-niles-and-st-joseph-inc_standardcharges.csv,2548221,2548221,1f617daa62665cf17057fea518704bbf8528664ee69a092993d045011fe39cc2
390204,PA,NAZARETH HOSPITAL,https://trinityhealth.pt.panaceainc.com/MRFDownload/trinityhealth/nazarethhospital,684690536,19500747,d38e650fe2a0d4408fccb49a47bbc12bcfe28e5447364ac32c2d10dfa13e5e0b
111328,GA,PHOEBE WORTH MEDICAL CENTER,https://hospitalpricedisclosure.com/Download.aspx?pxi=5rzWpHs2q7FEzGgDlBE98w*-*&f=iFd*_*cEPwhQHJy3lVvHy9uQ*-*,5438624,5438624,13e3256f8ead4dd2f128b9d255123e16ad6ed1c3e315dc26aae74939f651acce
470001,VT,CENTRAL VERMONT MEDICAL CENTER,https://www.cvmc.org/sites/default/files/documents/222547186_Central-Vermont-Medical-Center_standardcharges.csv,11645544,11645544,c93653e36003ed636a9906692e2c9c4ba539ee3ad5ecfa5193609d57df078626
464013,UT,SALT LAKE BEHAVIORAL HEALTH,https://uhsfilecdn.eskycity.net/bh/271365684_salt-lake_standardcharges.csv,41293,41293,59eff7bf3278d2324e7eebf75eb347d0e6780209fd3d31cb0140db41e6feb511
281324,NE,NEMAHA COUNTY HOSPITAL,https://nemahacountyhospital.com/wp-content/uploads/2025/06/470471042_nemaha-county-hospital_standardcharges.csv,1979621,1979621,6a6a47f0a98444905244f61d83336b5d0c6c80225605628b2b1c3137f07f6139
010078,AL,REGIONAL MEDICAL CENTER ANNISTON,https://rmccares.org/wp-content/uploads/636000090_regional-medical-center-anniston_standardcharges.csv,12542659,12542659,5cfef6789e19f4a2cf1a79c5db329a5dae104dca1d745285bfce3c8278b6f366
440018,TN,SYCAMORE SHOALS HOSPITAL,https://www.balladhealth.org/sites/default/files/2025-04/620476282_sycamore-shoals-hospital_standardcharges.zip,704162234,21760983,1295862d51e8b840ee79d89659fde51031487e30eeded2ed64495c4ad2c58d1b
454060,TX,LAUREL RIDGE TREATMENT CENTER,https://uhsfilecdn.eskycity.net/bh/432002326_laurel-ridge_standardcharges.csv,12935,12935,d94f69ad3d0acd7ce73c7a7a05fe131b62f8d36f1d87c915a97fe86c8ea54c06
050586,CA,CHINO VALLEY MEDICAL CENTER,https://cvmc.com/wp-content/uploads/2024/12/330928285_ChinoValleyMedicalCenter_standardcharges.json,30347313,30347313,98440feb8408417e57b9e95fe8954f353ac2e52b8c249bd0c2aa6b668a9982a6
670124,TX,THE HOSPITALS OF PROVIDENCE NORTHEAST CAMPUS,https://www.thopemergency.com/wp-content/uploads/forms/price-ne/81-3935393_HCN-EP-Horizon-City-LLC_standardcharges.csv,24040634,24040634,7c980f5a716447d56b05c238cc9b189de68bf3e23d1b8402bf8b250ee33491cd
140083,IL,LORETTO HOSPITAL,https://www.lorettohospital.org/documents/362200248_LorettoHospital_StandardCharges.csv,131651,131651,77bffa4ba0ccde849d8893228adef82fb9c06be71d440fa402b14a039d0ec70d
323033,NM,CLEARSKY REHABILITATION HOSPITAL OF RIO RANCHO,https://clearskyhealth.com/cmt/84-5065073_Clearsky%20Rehabilitation%20Hospital%20of%20Rio%20Rancho_standardcharges.csv,5788700,5788700,9d73b16de5478d1450b1077cb3885de92897fde524411c9893a835617db537b6
230269,MI,COREWELL HEALTH BEAUMONT TROY HOSPITAL,https://assets.contentstack.io/v3/assets/blt3055f692fe7bf193/bltd0dc7175fc25c38d/6777fb0accead13a213f7076/381459362_1811044878_william-beaumont-hospital_standardcharges.csv,7174820,7174820,592061fb5d79efc1e8f2b5ea2db61b05e99dcc31999be169933ab386efcac23a
380071,OR,WILLAMETTE VALLEY MEDICAL CENTER,https://www.willamettevalleymedical.com/docs/ahwillamettevalleymedicalcenterlibraries/hcl/mrf3q25/621762552_willamette-valley-medical-center_standardcharges.csv,973470,973470,fb5dfc843cff568c9175fdc6fbc77f6ff90d9971b1e5c0237435be2fb2f0307f
394049,PA,BROOKE GLEN BEHAVIORAL HOSPITAL,https://uhsfilecdn.eskycity.net/bh/200085660_brooke-glen_standardcharges.csv,78728,78728,97552b4eac5034ade78a517d06f91b4bda7176079adab17ccf774cc0925b8eb6
054028,CA,GATEWAYS HOSPITAL AND MENTAL HEALTH CENTER,https://www.gatewayshospital.org/wp-content/uploads/2025/10/95-1691011_gateways-hospital-and-mental-health-center_standardcharges.csv,83299,83299,0c5c0b4fe92537402461fca00724bb8b16c806fdfedec3ca104164e8336ddb0f
490046,VA,SENTARA LEIGH HOSPITAL,https://www.sentara.com/Documents/s/sentaraleighhospitalstandardchargesxlsx-1395299,38194255,38194255,107fc5e701184ae0744b6bb799ae1d45d6fc6a5d713b4b50c33ed827c47cc072
121308,HI,KULA HOSPITAL,https://res.cloudinary.com/dpmykpsih/raw/upload/maui-health-site-309/media/r/0baf0545cbc949bbb068fdca815b804a/811559375-kulahospital-standardcharges-08062025.csv,14678628,14678628,d202d16360329cf45bd192b4e0358bdfcd3de437dc9d36b6a837fcc26b5be9c8
281327,NE,COZAD COMMUNITY HOSPITAL,https://secure.claraprice.net/price-transparency/YWBX-1689949782535/machine-readable/476007486_cozad-community-hospital_standardcharges.json,7459976,7459976,369ef222a20f90b966f3e6ec9cd387b6fb687766d5731df6e0e5a563663015fb
230264,MI,INSIGHT SURGICAL HOSPITAL,https://estimator.myinsightcare.com/static/mrf/134257646_insight-surgical-hospital_standardcharges.csv,1066820,1066820,d2ba2e425fda3cc9ec4139c5fd631dbaca4856d0d75a0cf0d38f4101663e9a51
450051,TX,METHODIST DALLAS MEDICAL CENTER,https://www.methodisthealthsystem.org/sites/default/files/Price%20Transparency/750800661_MethodistDallasMedicalCenter_standardcharges_shoppable.csv,19448427,19448427,abb600a019e926370425e7780b5c2aad110e3782bf531cd1dad2b900469516b8
074014,CT,SILVER HILL HOSPITAL,https://silverhillhospital.org/wp-content/uploads/2025/10/060655139_silverhill_standardcharges-2-2.csv-1.zip,3051641,55560,dcbbfccd54d0487d7182a0f0b38ca406d1d50b1a8e674e75c46370232eede05c
462003,UT,WESTERN PEAKS SPECIALTY HOSPITAL,https://images.pricetransparency.healthcare/western-peaks-specialty-hospital/87-0257692_southdaviscommunityhospital_standardcharges.csv,3745206,3745206,18af2d4595aeb540a4ad999080731d96f04244166922cab5c01f5f99a25724ed
394051,PA,PENNSYLVANIA PSYCHIATRIC INSTITUTE,https://ppimhs.org/wp-content/uploads/2024/12/261699000_Pennsylvania-Psychiatric-Institute_standardcharges.csv,1310231,1310231,d1f45005bf64f770bb938eb859b3351816f6449d004002279a97ec6b0305bf14
340195,NC,NOVANT HEALTH BALLANTYNE MEDICAL CENTER,https://www2.novanthealth.org/Public_Files/regulatory/86-3305323_novant_health_ballantyne_medical_center_standardcharges.csv,17247326,17247326,de4e5a10bda29b49af1733430d53166d6cb5e9c712e10ef489057f959fc036e0
496754,VA,SHELTERING ARMS REHABILITATION HOSPITAL,https://shelteringarmsinstitute.com/wp-content/uploads/2025/02/Price-Transparency-File-January-2025-SAI.csv,6603344,6603344,2a1c1ea30e5f750595c2871dbb73d2aadae637860321e50657d822a12afce816
130003,ID,ST. JOSEPH REGIONAL MEDICAL CENTER,https://hospitalpricedisclosure.com/Download.aspx?pi=HEe7rvjeIIxdn6QxdPT9Hg*-*,14910086,14910086,e43fc1e8b92e8f7d2da244c1bf431b5b76468d3500d5802e228d917d8f2fc4fa
451303,TX,LIMESTONE MEDICAL CENTER,https://groesbeckhospital.slicedhealth.io/pricer/74-1744089_LimestoneMedicalCenter_standardcharges.CSV,9085696,9085696,3e1f4988d8f3abf110b0385692d448bdd4b6bc7e597827c27d9b779b420ef2a5
360013,OH,WILSON MEMORIAL HOSPITAL,https://8589329.fs1.hubspotusercontent-na1.net/hubfs/8589329/Wilson%20Health%20CMS%20Price%20Transparency%2012.6.24%20-%20CSV%20CD-1.csv,3645493,3645493,7e5d3a47f260f55d52c07fa97655291c4fbd931ce45d27970656cb95b85d3e2a
041316,AR,SOUTH MISSISSIPPI COUNTY REGIONAL MEDICAL CENTER,https://s3.amazonaws.com/ycubaa-production-marlin-1-charge-management-public/facilities/340cba5b-23f2-476f-bd9f-b97e6c9f7afa/800370789_MCHS-SMC-REGIONAL-MEDICAL-CENTER_standardcharges.zip,471567171,23932857,fc973732a678b2f4bc61da38ae271ef88a309387b109eadbbcab60de38921e55
170013,KS,HAYS MEDICAL CENTER,https://haysmed.s3.us-west-2.amazonaws.com/cms-price/480559088-Haysmed-standardcharges_010125.csv,31538168,31538168,3d21c84d6e605bbb68dbfb7eef5bbe7556a285b7f3bb27b1f7fa309aeb7c71fa
114016,GA,ST SIMONS BY-THE-SEA HOSPITAL,https://uhsfilecdn.eskycity.net/bh/203854107_st-simons_standardcharges.csv,45624,45624,3bd35392d519be17b2ab8522ecbd08b39fe74bde73ef463a890b6583a3bff2eb
452029,TX,CONTINUECARE HOSPITAL AT HENDRICK MEDICAL CENTER,https://secure.claraprice.net/price-transparency/BGTD-1730316052922/machine-readable/463607347_continuecare-hospital-at-hendrick-medical-center_standardcharges.json,1939624,1939624,dbc933252489734fd55be867b7a74b902f31cc2c1785f1363c22f13f5c8731b4
103301,FL,NICKLAUS CHILDREN'S HOSPITAL,https://www.nicklauschildrens.org/NCH/media/docs/pdf/Finance/590638499_nicklaus-children-_s-hospital_standardcharges.json,11429180,11429180,2922b3d0f219fdb0b5152d3c929fadec1c2db9a7ffeee28cc021601c7cdb661d
494025,VA,VIRGINIA BEACH PSYCHIATRIC CENTER,https://uhsfilecdn.eskycity.net/bh/541414205_va-beach_standardcharges.csv,19736,19736,914a2d5d3796642ceb0d85962e6dcb0deca73d6ae1a4afa2ceb1e45d49b38ee3
010118,AL,VAUGHAN REGIONAL MEDICAL CENTER,https://hospitalpricedisclosure.com/Download.aspx?pxi=LOtuFO5IRvB3oKhbaBUfFA*-*&f=iFd*_*cEPwhQHJy3lVvHy9uQ*-*,19430677,19430677,2b54192e437e6416ad22dbb6a028eb2bea560540a29b1edc9058f34b41412af1
374023,OK,CEDAR RIDGE BEHAVIORAL HOSPITAL,https://uhsfilecdn.eskycity.net/bh/202901605_cedar-ridge_standardcharges.csv,21952,21952,913e046b2b3edf926d0d97797514dc70b50e6e18fb689bfa87eebe6888ac5107
201303,ME,PENOBSCOT VALLEY HOSPITAL,https://pvhme.org/files/price-transparency/01-0545327_PenobscotValleyHospital_StandardCharges.csv,38933254,38933254,b2d1a1ae02e5d973ddb9b2987ad4ff1485990f9572337d4399a7987dfbfd74c4
420019,SC,MUSC HEALTH CHESTER MEDICAL CENTER,https://muschealth.org/-/sm/health/patients-visitors/billing/f/571098556_musc-health-chester-medical-center_standardcharges.csv,10427501,10427501,8fcd6a2ff3c280932823ee27b205c5417fafdd6af94818fb92e06f34d1adacd9
231323,MI,COREWELL HEALTH REED CITY CAMPUS,https://assets.contentstack.io/v3/assets/blt3055f692fe7bf193/bltf7f92c1fd54091de/6777fd8205ab072a132c66e0/382770076_reed-city-hospital-corporation_standardcharges.csv,2711602,2711602,5abeaa49635dbab828253a6f2847e62075de8e2670e80349ba20fe699141b0ed
420068,SC,MUSC HEALTH - ORANGEBURG,https://muschealth.org/-/sm/health/patients-visitors/billing/f/571098556_musc-health-columbia-medical-center-downtown_standardcharges.csv,12917036,12917036,3b1db87dabbe99ff173490384b6da3abebec3595dfa95ee7a24325f14770e364
394027,PA,FAIRMOUNT BEHAVIORAL HEALTH SYSTEMS,https://uhsfilecdn.eskycity.net/bh/233044432_fairmount_standardcharges.csv,84328,84328,cd3f9bf6ece10767616b18280edb7c7903f197c5381abb043dd35ff50a95e836
490022,VA,MARY WASHINGTON HOSPITAL,https://www.marywashingtonhealthcare.com/documents/540519577_mary-washington-hospital_standardcharges.csv,6513244,6513244,ee4cac034872555672c99881af36b331556c496b1694a7c7a3d58e696135e7b5
291304,NV,PERSHING GENERAL HOSPITAL,https://www.pershinghospital.org/_files/ugd/b92894_afcb05069cf44bbe9414cb42fedd43cc.csv?dn=880201578_PERSHING-GENERAL-HOSPITAL_standardcharges.csv,994877,994877,e07d006618f1c40dccb1bdef1bfc1673c3ab29330ad60501a1120635553c991c
531303,WY,WESTON COUNTY HEALTH SERVICES,https://www.wchs-wy.org/_files/ugd/783f2c_c0d12469728c46beb2a92a5b27cd39bf.csv?dn=WCHS%20Standard%20Charges.csv,12739453,12739453,2408ebfe8d3cfb718d3580e0fda09f160db3a022fd07d755245bc90402aaf576
104026,FL,FORT LAUDERDALE BEHAVIORAL HEALTH CENTER,https://uhsfilecdn.eskycity.net/bh/201021229_ft-lauderdale_standardcharges.csv,160650,160650,b89df32652bf6ea8cc177d557bbbd58aac641059dd8f8fc93c8c66dff82d280b
180132,KY,LAKE CUMBERLAND REGIONAL HOSPITAL,https://www.lakecumberlandhospital.com/docs/ahlakecumberlandregionalhospitallibraries/hcl/mrf2q25/621757920_lake-cumberland-regional_standardcharges.csv,10103467,10103467,121b98e422a5288987770c8c2012cc0dba8ff59c1fdc20e78521d0d99272e39a
364044,OH,LINDNER CENTER OF HOPE,https://lindnercenterofhope.org/wp-content/uploads/2025/03/13-434374_LCOH_standardcharges.csv,1224013,1224013,e7717b6f2f3e0e7dd571db6fe64303b772b3ffff7cae366a71e8c3b9c7f61e87
394034,PA,HORSHAM CLINIC,https://uhsfilecdn.eskycity.net/bh/232842434_horsham_standardcharges.csv,388542,388542,3dd2342fae20786859d96f425f94ffca17ec6bc7601e36e5a67f7d6f8a0713fe
364052,OH,CLEARVISTA BEHAVIORAL HEALTH LORAIN,https://newvistahealth.com/wp-content/uploads/2025/08/MRF-Clear-View-Vista-Health-and-Wellness-updated.csv,10430,10430,9abdf4bcbc5bdb17884a27a025c3e627f68a6c6bc44a867d79dfa68ac8000900
180020,KY,MIDDLESBORO ARH HOSPITAL,https://www.arh.org/wp-content/uploads/2025/05/520795508_Middlesboro-ARH-Hospital_standardcharges.csv,40932714,40932714,4a07a7d00001a38c43708b08bbf96a757bd1a9a7801a1d774b9a5a7ea356def7
501327,WA,WHITMAN MEDICAL CLINIC COLFAX,https://res.cloudinary.com/dpmykpsih/raw/upload/whitman-hospital-site-356/media/r/7275328843174e46a66a4498db00609c/911451777_whitman-hospital-and-medical-clinics_machine_readable_standardcharges.csv,102418,102418,815e0d17600e6fc5032c04700209b8839d02e27b0dd086be38cfa39f925fb7e2
363044,OH,OHIOHEALTH REHABILITATION HOSPITAL - DUBLIN,https://resources.selectmedical.com/pricing-transparency/inpatient-rehabilitation/46-2458436_ohiohealth_rehabilitation_hospital_dublin_standardcharges.csv,35168127,35168127,89a54aed2ffeb7e371c6a56d3ffe32c91346e174649a4fb28d165fac3cf4ed9c
180037,KY,UOFL HEALTH - MARY & ELIZABETH HOSPITAL,https://uoflhealth.org/wp-content/uploads/2024/12/843178470_UofL-Health-Mary-and-Elizabeth-Hospital_standardcharges.zip,53174316,3073319,63c387eae3237fb12f2b97e4a11affbed0d9b44ccc0539cf21da60310d9b9943
511314,WV,POCAHONTAS MEMORIAL HOSPITAL,https://machine-readable-files.com/pocahontas-memorial-hospital/556000381_Pocahontas-Memorial-Hospital_standardcharges.csv,1827805,1827805,cab86670fa5dffa03f5f3995375f51599b2039dc72d14e0fc963aaeacf50292c
054151,CA,SANTA ROSA BEHAVIORAL HEALTHCARE HOSPITAL,https://norcalbehavioral.com/wp-content/uploads/2025/03/84-2365032_Santa-Rosa-Behavioral-Healthcare-Hospital_standardcharges.csv,10779,10779,780b917db244413d19ca1e36199bd2ad365644a89d4d4ae58274d2bf420056dd
110078,GA,EMORY UNIVERSITY HOSPITAL MIDTOWN,https://www.emoryhealthcare.org/-/media/Project/EH/Emory/ui/pricing-transparency/csv/2025/580566200_emory-university-hospital-midtown_standardcharges.csv,7161714,7161714,d478233d507640b4fdfe6eec47346e66dd348a3ed4281bfe678b767ecf6c2112
161370,IA,LORING HOSPITAL,https://www.loringhospital.org/filesimages/421418132_Loring-Hospital_StandardCharges.csv,3882512,3882512,cbfcd034f4a1abde029b99e95105776e3d81128489d20f0bbfb49491bb9befcd
451307,TX,IRAAN GENERAL HOSPITAL,https://secure.claraprice.net/price-transparency/PLZI-1733345977145/machine-readable/746003374_iraan-general-hospital_standardcharges.json,2909235,2909235,cd1b4447694c52b5b63d131575458bc7beac1c1dea050aa7e9e8d67ca64a2de4
381305,OR,BLUE MOUNTAIN HOSPITAL,https://bluemountainhospital.org/price-transparency/936002615_blue-mountain.csv,3522276,3522276,a7c1a430cc496cc9b5f82ff7b9eb0a39bfd5b4bbb62914ab4a34ba3b033ca0b2
490114,VA,LONESOME PINE HOSPITAL,https://www.balladhealth.org/sites/default/files/2025-01/621636465_LONESOME-PINE-HOSPITAL_standardcharges.zip,428607514,15157162,e5dfd48c0efbac33454c173239e644dc6d4fffd00dc66481cf5a554d2aa04f3a
670062,TX,BAYLOR SCOTT & WHITE EMERGENCY HOSPITAL - KELLER,https://bsweh.org/wp-content/uploads/forms/26-2978009_CR-Emergency-Room-LLC-_standardcharges.csv,21703445,21703445,904a47208ede4204d61426faf39cfd84a3687ecd6a750eb4930d5b5ea7d659ad
031312,AZ,COPPER QUEEN COMMUNITY HOSPITAL,https://pricetransparency.healthcare/copper-queen-community-hospital/charges/export,17303341,17303341,748582109f925b606c0508366e740eca468f68f782485261f8265b62673efb82
114036,GA,GREENLEAF BEHAVIORAL HEALTH HOSPITAL,https://www.greenleafhospital.com/wp-content/uploads/pricing/2025/191/35-2450561_Greenleaf-Center-LLC_standardcharges.csv,69180,69180,521ebaee4026a1d7d2db34e194d6fc0114c3ea110f4ffb1e013556ee96d0dd2b
114032,GA,ANCHOR HOSPITAL,https://uhsfilecdn.eskycity.net/bh/233044975_anchor_standardcharges.csv,38019,38019,1f1b87e5f9d12c35f35bacb23c750c005df2a97827dc0bd1320ef997627263d6
231330,MI,MARLETTE REGIONAL HOSPITAL,https://aspirerhs.org/wp-content/uploads/2024/07/381415390_deckerville-community-hospital_standardcharges.csv,4173951,4173951,34eb90153f89a5aa4cb56c1545455dc7e7c2b87ada51dc41b88c55d98b069c91
010038,AL,STRINGFELLOW MEMORIAL HOSPITAL,https://rmccares.org/wp-content/uploads/636000090_regional-medical-center-anniston_standardcharges.csv,12542659,12542659,5cfef6789e19f4a2cf1a79c5db329a5dae104dca1d745285bfce3c8278b6f366
251325,MS,COVINGTON COUNTY HOSPITAL,https://covingtoncountyhospital.com/wp-content/uploads/2025/01/646001549_covingtoncountyhospital_standardcharges-1.csv,5891914,5891914,632370e8c07eadca05a62f57691e8cbc7b9586d758d3340fba5813e54caa6345
062017,CO,NORTHERN COLORADO LONG TERM ACUTE HOSPITAL,https://ernesthealth.com/wp-content/uploads/2025/01/pricing/Northern%20Colorado%20Long%20Term%20Acute%20Hospital/272805397_Northern-Colorado-Long-Term-Acute-Hospital_Standard-Charges.json,6826252,6826252,2c9ac9e15113fe5f7eb9306dc3f598692e7cac5845d549c6ab10c3fe32c21083
200001,ME,SAINT JOSEPH HOSPITAL,https://stjosephbangor.org/CMS%20Files/010212435_st-joseph-hospital_standardcharges.csv,5505434,5505434,e6c92f6b857b1af59e0c6bbd70feede84c50d01d1b359e6dce2134a5db40f918
520044,WI,HSHS ST. NICHOLAS HOSPITAL,https://www.hshs.org/getmedia/b928544b-92df-4678-b544-d21192639566/390808480_ST-NICHOLAS-HOSPITAL_standardcharges.zip,344649472,11353364,25b4f51a109bf3ba31c7a5d58bad1bb01e22cd86e07e4528d7e1e5a8b63bebb2
141349,IL,SPARTA COMMUNITY HOSPITAL,https://hospitalpricelists.org/export/376014817_SpartaCommunityHospitalDistrict_standardcharges.csv,1600895,1600895,2ad4f05283602b2de69003cd85fccd9916352435b2b64d44d00a6b52072da18b
442007,TN,KINDRED HOSPITAL - CHATTANOOGA,https://hospitalpricedisclosure.com/download.aspx?pi=1pvdHjsSZ*__*Id1umlAic8QQ*-*,9370560,9370560,f31ea0e64063778d49bbc6f6cdeb889b20005d88dd703b70bc0929036a7ff336
371342,OK,MCCURTAIN MEMORIAL HOSPITAL,https://pricetransparency.online/wp-content/uploads/2025/07/736617937_mccurtain-memorial-hospital_standardcharges.csv,17693095,17693095,391d6811a7dc29ee00e9e0533cfa256238ea1da7ac048e68666c40a91ea996b4
312020,NJ,KINDRED HOSPITAL - NEW JERSEY - MORRIS COUNTY,https://hospitalpricedisclosure.com/download.aspx?pi=yvbe4*_*SHOtnhvaoCPcVRWA*-*,10248032,10248032,a399a36357b3ae8a025c496573bb6510b07c4735e28f62e5d928e90f22411946
330386,NY,"GARNET HEALTH MEDICAL CENTER - CATSKILLS, HARRIS CAMPUS",https://www.garnethealth.org/sites/default/files/2024-12/146049030_garnet-health-medical-center-catskills_standardcharges.csv,3486364,3486364,3dcbde2008167eff7749a03f3771d7702ecec213ffbc8cecf9d1c8fb126b413f
347041,NC,FIRSTHEALTH MOORE REGIONAL HOSPITAL - RICHMOND,https://stmlfirsthealthncus001.blob.core.windows.net/public/561936354_firsthealth-moore-regional-hospital_standardcharges.csv,5885622,5885622,6485156b5bd1c503f5657fa19a3054667935cb737d791bb86868a51afbaab598
220065,MA,BAYSTATE NOBLE HOSPITAL,https://cdn1-originals.webdamdb.com/13686_164608646?cache=1761101956&response-content-disposition=inline;filename=222537423_baystate-noble-hospital_standardcharges.csv&Policy=eyJTdGF0ZW1lbnQiOlt7IlJlc291cmNlIjoiaHR0cCo6Ly9jZG4xLW9yaWdpbmFscy53ZWJkYW1kYi5jb20vMTM2ODZfMTY0NjA4NjQ2P2NhY2hlPTE3NjExMDE5NTYmcmVzcG9uc2UtY29udGVudC1kaXNwb3NpdGlvbj1pbmxpbmU7ZmlsZW5hbWU9MjIyNTM3NDIzX2JheXN0YXRlLW5vYmxlLWhvc3BpdGFsX3N0YW5kYXJkY2hhcmdlcy5jc3YiLCJDb25kaXRpb24iOnsiRGF0ZUxlc3NUaGFuIjp7IkFXUzpFcG9jaFRpbWUiOjIxNDc0MTQ0MDB9fX1dfQ__&Signature=dPo9BcIcxmadfkmKWBKGtwZ4p2R6HigGi7vYg8m8ziTvtPlDqR0nT6Fj6c6cy0NxMM1u5KnbSPnPiVrOngKtX2eiH0V-SWy0PcO~5ZKwQh0a2hemgbx7Sfw6b-0Vd-fGnCW0He783226F6tMBAs6aqrQLBqhAaVorRekOZ5KGo43IrnOvI8RDsUHsnv-F0T-b5sl3QjLnITaEmsZWnRMHkknaEXojU5fUm8DkEXro83SsXNwznYNPwcXHiMOlNC8aMeRTDyy3Yz~Ymd39R9kapYHuSLY0z2Q5dSQQK1ToO7DWLcEYQJelsK4vRs8PPTrWl~oeZlZq9eyxcWpsH~~eQ__&Key-Pair-Id=APKAI2ASI2IOLRFF2RHA,2974626,2974626,ff91f6cfa92a4113550259d42ddac465e3789513ef47331cb3b3c42e00a3fede
034032,AZ,COPPER SPRINGS,https://coppersprings.com/docs/bhcopperspringslibraries/dec2025/364795061_copper-springs_standardcharges.csv,262748,262748,633907c24bb1c1c939d9e1f8f6ce5a2d8a61b2e262a42657a66748f36ff57933
454018,TX,RED RIVER HOSPITAL,https://www.redriverhospital.com/wp-content/uploads/pricing/2025/212/35-2351651_Red-River-Hospital-LLC_standardcharges.csv,70205,70205,59b0a381d9a888f6e4a7024271493aaad1c760cd29b99576c30940958acd8d7b
490002,VA,RUSSELL COUNTY HOSPITAL,https://www.balladhealth.org/sites/default/files/2025-01/620476282_RUSSELL-COUNTY-HOSPITAL_standardcharges.zip,424866042,15365401,e8ba0bc3db815ce475fe9731c5d6f132ae22ec7986c6ed977aff35b79b738519
110016,GA,WELLSTAR WEST GEORGIA MEDICAL CENTER,https://www.wellstar.org/-/media/project/wellstar/org/documents/august-2025-price-transparency-standard-charges/20-5497506_wellstar-west-georgia-medical-center_standardcharges.csv,16596410,16596410,b34a19c79e9982734238fb8a4370cc6320e64cf8e36e85ab856485e3e4e0105c
050057,CA,KAWEAH HEALTH MEDICAL CENTER,https://www.kaweahhealth.org/sites/default/files/hg_features/mercury_standard_layout/946078091_kaweah-health_standardcharges.csv,5360303,5360303,1e90bc2ac8eb2a6b3886ccb5cc53ea99df53f751f69e4b6f423bceee14b5bbd8
161325,IA,GREENE COUNTY MEDICAL CENTER,https://www.gcmchealth.com/filesimages/PriceTransparency/426037888_Greene-County-Medical-Center_StandardCharges.csv,20602188,20602188,390523adcc985ede70061a1905818e6384f7769a25bb15151c2abc4abeb663b5
340158,NC,NOVANT HEALTH BRUNSWICK MEDICAL CENTER,https://www2.novanthealth.org/Public_Files/regulatory/20-4278130_novant_health_brunswick_medical_center_standardcharges.csv,17144635,17144635,eec1b241924ca5fed5aceb88067d220cc63f36fca036d27c3753ccac78aeb740
450465,TX,MATAGORDA REGIONAL MEDICAL CENTER,https://www.matagordaregional.org/documents/74-6025069_Matagorda-Regional-Medical-Center_standardcharges.zip,63445805,1571282,6629a6a39a4926d79560edf2b58979b05224feb29eb81191531a37182da3b455
521310,WI,HSHS ST CLARE MEMORIAL HOSPITAL,https://www.hshs.org/getmedia/9fca86a9-a1ab-454e-94c7-c1ad572d3c98/390848401_ST-CLARE-MEMORIAL-HOSPTIAL_STANDARDCHARGES.zip,267075208,8816057,45017394d12713282fa22ce0355620cd405bcf3faf8ae060a72413bb0cf14a59
344014,NC,HOLLY HILL HOSPITAL,https://uhsfilecdn.eskycity.net/bh/621692189_holly-hill_standardcharges.csv,25074,25074,56c6a68109f216fac86b14246f6101e88e3634c8a069bb8ddbff86a00771c4a6
184008,KY,THE BROOK HOSPITAL - KMI,https://uhsfilecdn.eskycity.net/bh/205048153_brook-kmi_standardcharges.csv,91079,91079,9d84b09eaa0c9fb0f4f35f19d0abb9e0b9058a4681168088147527ee229d741b
342014,NC,CAPE FEAR VALLEY HIGHSMITH-RAINEY SPECIALTY HOSPITAL,https://www.capefearvalley.com/sites/default/files/Pricing%20and%20Billing/560845796_Highsmith-Rainey-Specialty-Hospital_standardcharges.zip,121381537,4532438,106afe17497feef7e07383ec4662371a7256a228c6e3f72da2d67bd494cfaaf3
351322,ND,ASHLEY MEDICAL CENTER,https://irp.cdn-website.com/5b245649/files/uploaded/450255914_ashley-medical-center_standardcharges.csv,13204865,13204865,2233ebc9a38aa694737c85858df45c1355c1ad89a84f3694b5c6d122409e079d
230142,MI,COREWELL HEALTH WAYNE HOSPITAL,https://assets.contentstack.io/v3/assets/blt3055f692fe7bf193/blt3e21f00deacc4027/6777fb0af6d8ef088ac171d8/381405141_1295785285_oakwood-healthcare-inc_standardcharges.csv,4878210,4878210,2d1e7dd35075c11398e202ce8f5b401eccefb271f799e0580df7e58ec3993d5b
050378,CA,PACIFICA HOSPITAL OF THE VALLEY,https://secure.claraprice.net/price-transparency/ZFYY-1731000747134/machine-readable/330737312_pacifica-hospital-of-the-valley_standardcharges.json,7971806,7971806,eb4296cf0d72d08f0de9f5ecbb5ca96d761ab6d4db95474c6e75918252eaa045
450347,TX,HUNTSVILLE MEMORIAL HOSPITAL,https://secure.claraprice.net/price-transparency/UMJI-1677854847190/machine-readable/843654542_huntsville-memorial-hospital_standardcharges.json,23371165,23371165,3b3f4f74526cf76c6337bd764f99b7d9dcd25c02b7419c2a3e9459089c7819e1
261317,MO,MERCY HOSPITAL CASSVILLE,https://www.mercy.net/content/dam/mercy/en/web-assets/charge-files/431936699_mercy-hospital-cassville_standardcharges.zip,317455347,18110859,844a11395eb8c7549a18e9e087c593b08a3f415fc664c9eca305f398da340b0a
005054,IN,RIVERVIEW HEALTH NOBLESVILLE HOSPITAL,https://www.riverview.org/sites/default/files/2025-09/25-005054-1_riverview-health_standardcharges.csv,9529320,9529320,33a5952f52e836ac41a1da422521f5894b5b5a23c3342350227fd7524adb3ea5
040132,AR,LEVI HOSPITAL,https://levihealthcare.pt.panaceainc.com/MRFDownload/levihealthcare/levi,26642381,782724,044fb7e484f4f05fea3913fcdaaaecba570c05908e514f51eaff5b80874adc1d
450451,TX,GLEN ROSE MEDICAL CENTER,https://secure.claraprice.net/price-transparency/NUH2773072790/machine-readable/463085950_glen-rose-medical-center_standardcharges.json,17335153,17335153,e19902fe0cb7e250544f6f0d866ff0e26593378b1f3d5db5df41e4ea87b2b872
440060,TN,WEST TENNESSEE HEALTHCARE MILAN HOSPITAL CARDIAC REHAB,https://www.wth.org/wp-content/uploads/standard-charges/62-1753289_MH_Standard_Charges.csv,15530591,15530591,f4841331a5b66d1a4a9169524519defd51d972e8770af242159810bc2c334df7
441313,TN,HANCOCK COUNTY HOSPITAL,https://www.balladhealth.org/site-files/621636465_HANCOCK-COUNTY-HOSPITAL_standardcharges.zip,384209998,13218669,920152d19312ef313bb10a55a15d094555bceecfb18a47d96e48c2439e097b6e
360245,OH,GLENBEIGH HOSPITAL OF ROCK CREEK,https://sthpiprd.blob.core.windows.net/machine-readable-files/9927/341789783_glenbeigh_standardcharges.csv,6152726,6152726,479676ac0c8409b8116dc748e9599c73d4a235c42b8500fbbcc6ad4171fcf806
371302,OK,MERCY HOSPITAL WATONGA,https://www.mercy.net/content/dam/mercy/en/web-assets/charge-files/455199762_mercy-hospital-watonga_standardcharges.zip,199437478,10231025,f36d11a7fd71b31e8ce2e1fe081511ab597b95f5376c900beac0faa6e993dadf
521309,WI,GUNDERSEN MOUNDVIEW HOSPITAL,https://bellin-ghs.pt.panaceainc.com/MRFDownload/bellin-ghs/gundersen-moundview,76821971,2546419,9c5ed1fab702376f62ad9210ba32c24f5af74c4f708d2afc62d4686fd913f9fc
370206,OK,OKLAHOMA SPINE HOSPITAL,https://oklahomaspine.com/wp-content/uploads/731538478_Oklahoma-Spine-Hospital-LLC_standardcharges.csv,33972656,33972656,72cffa05450910034ffa69131b1fdc4377d9b0ec44393923dddd60e0991845f4
121305,HI,LANAI COMMUNITY HOSPITAL,https://res.cloudinary.com/dpmykpsih/raw/upload/maui-health-site-309/media/r/1804f4bca2e04b1e81befcb4375e7864/811559375-lanaicommunityhospital-standardcharges.csv,4086959,4086959,fa581eba28575063d039ff2f64214b92af1c0918521b66a2155e74686a0fbd02
